{
  "analysis_period": "Last 10 cycles (Total: 44)",
  "timestamp": "2025-11-10T08:10:20.084281",
  "trading_activity": {
    "total_decisions": 54,
    "entry_signals": 2,
    "hold_signals": 51,
    "close_signals": 1,
    "decision_rate": 3.7037037037037033
  },
  "trade_performance": {
    "total_trades": 33,
    "winning_trades": 24,
    "losing_trades": 6,
    "break_even_trades": 3,
    "win_rate": 72.73,
    "total_pnl": 12.89,
    "average_pnl": 0.39,
    "profit_factor": 4.12,
    "largest_win": 2.38,
    "largest_loss": -1.36
  },
  "portfolio_performance": {
    "initial_balance": 200.0,
    "current_balance": 127.63568616733096,
    "total_value": 214.29367910138885,
    "total_return": 7.15,
    "sharpe_ratio": 6.503,
    "open_positions": 4
  },
  "coin_performance": {
    "XRP": {
      "trades": 16,
      "total_pnl": 9.545641430657248,
      "wins": 15,
      "losses": 1,
      "win_rate": 93.75,
      "avg_pnl": 0.596602589416078
    },
    "SOL": {
      "trades": 7,
      "total_pnl": -0.6288478628014765,
      "wins": 4,
      "losses": 3,
      "win_rate": 57.14285714285714,
      "avg_pnl": -0.08983540897163951
    },
    "LINK": {
      "trades": 7,
      "total_pnl": 2.6238415178073127,
      "wins": 4,
      "losses": 1,
      "win_rate": 57.14285714285714,
      "avg_pnl": 0.3748345025439018
    },
    "ADA": {
      "trades": 1,
      "total_pnl": -0.45651949960802685,
      "wins": 0,
      "losses": 1,
      "win_rate": 0.0,
      "avg_pnl": -0.45651949960802685
    },
    "JASMY": {
      "trades": 2,
      "total_pnl": 1.8051584402142793,
      "wins": 1,
      "losses": 0,
      "win_rate": 50.0,
      "avg_pnl": 0.9025792201071396
    }
  },
  "recommendations": [
    "[INFO] Position count 4; exceeds reference threshold (≥3)",
    "[INFO] Coins with cumulative negative PnL: SOL, ADA"
  ]
}