{
  "analysis_period": "Last 10 cycles (Total: 27)",
  "timestamp": "2025-11-10T04:18:20.705979",
  "trading_activity": {
    "total_decisions": 48,
    "entry_signals": 9,
    "hold_signals": 38,
    "close_signals": 1,
    "decision_rate": 18.75
  },
  "trade_performance": {
    "total_trades": 35,
    "winning_trades": 31,
    "losing_trades": 3,
    "break_even_trades": 1,
    "win_rate": 88.57,
    "total_pnl": 23.63,
    "average_pnl": 0.68,
    "profit_factor": 7.32,
    "largest_win": 2.11,
    "largest_loss": -2.88
  },
  "portfolio_performance": {
    "initial_balance": 200.0,
    "current_balance": 73.13368301271635,
    "total_value": 223.84428130653063,
    "total_return": 11.92,
    "sharpe_ratio": 4.505,
    "open_positions": 4
  },
  "coin_performance": {
    "ADA": {
      "trades": 7,
      "total_pnl": 5.088707556567087,
      "wins": 5,
      "losses": 2,
      "win_rate": 71.42857142857143,
      "avg_pnl": 0.7269582223667267
    },
    "SOL": {
      "trades": 2,
      "total_pnl": -1.7058485096381986,
      "wins": 1,
      "losses": 1,
      "win_rate": 50.0,
      "avg_pnl": -0.8529242548190993
    },
    "JASMY": {
      "trades": 6,
      "total_pnl": 3.7334890838161887,
      "wins": 5,
      "losses": 0,
      "win_rate": 83.33333333333334,
      "avg_pnl": 0.6222481806360315
    },
    "DOGE": {
      "trades": 8,
      "total_pnl": 7.201698257283151,
      "wins": 8,
      "losses": 0,
      "win_rate": 100.0,
      "avg_pnl": 0.9002122821603938
    },
    "XRP": {
      "trades": 8,
      "total_pnl": 7.243956550303774,
      "wins": 8,
      "losses": 0,
      "win_rate": 100.0,
      "avg_pnl": 0.9054945687879717
    },
    "LINK": {
      "trades": 4,
      "total_pnl": 2.064535263414286,
      "wins": 4,
      "losses": 0,
      "win_rate": 100.0,
      "avg_pnl": 0.5161338158535715
    }
  },
  "recommendations": [
    "[INFO] Cash balance $73.13 vs $200.00 initial; liquidity below 50% of baseline",
    "[INFO] Position count 4; exceeds reference threshold (≥3)",
    "[INFO] Coins with cumulative negative PnL: SOL"
  ]
}